{"cameraMode":{"drawMode":0,"name":"Shaded","section":"Shading Mode"},"sceneLighting":true,"audioPlay":false,"sceneViewState":{"m_AlwaysRefresh":false,"showFog":true,"showSkybox":true,"showFlares":true,"showImageEffects":true,"showParticleSystems":true,"showVisualEffectGraphs":true,"m_FxEnabled":true},"in2DMode":false,"pivot":{"x":-21.715911865234376,"y":46.12273406982422,"z":118.96707916259766},"rotation":{"x":-0.012370985001325608,"y":0.8300087451934815,"z":-0.5573133230209351,"w":-0.018430322408676149},"size":43.31637954711914,"orthographic":false}